{
  "configVersion": 1,
  "index": "/index.html",
  "assetGroups": [
    {
      "name": "app",
      "installMode": "prefetch",
      "updateMode": "prefetch",
      "urls": [
        "/4.caaaad6b26e0bf4c1183.js",
        "/favicon.ico",
        "/index.html",
        "/main.ea5b13190da2e0017e59.js",
        "/polyfills.30c91fed34056163b473.js",
        "/runtime.6c997958850c507a44c2.js",
        "/styles.a0a2f75be951a78de074.css"
      ],
      "patterns": []
    },
    {
      "name": "assets",
      "installMode": "lazy",
      "updateMode": "prefetch",
      "urls": [
        "/assets/door-open.mp3",
        "/assets/door_closed.svg",
        "/assets/door_open.svg",
        "/assets/icons/icon-128x128.png",
        "/assets/icons/icon-144x144.png",
        "/assets/icons/icon-152x152.png",
        "/assets/icons/icon-192x192.png",
        "/assets/icons/icon-384x384.png",
        "/assets/icons/icon-512x512.png",
        "/assets/icons/icon-72x72.png",
        "/assets/icons/icon-96x96.png",
        "/assets/logo.png"
      ],
      "patterns": []
    }
  ],
  "dataGroups": [],
  "hashTable": {
    "/4.caaaad6b26e0bf4c1183.js": "337dfe246cd6d98662e186c72ead5ee2db22b094",
    "/assets/door-open.mp3": "f9c5e2df8aadd93ae68ede4c2c65ab5edbb1a91d",
    "/assets/door_closed.svg": "2b76e002a5075b38c9990f8de841cb506ce11db8",
    "/assets/door_open.svg": "cb965788f9b5224ba2076c5fd8702317319bf386",
    "/assets/icons/icon-128x128.png": "9b53b5f607eac71b1ee0751dc6fd7d5b60c105c4",
    "/assets/icons/icon-144x144.png": "1998ba40e0b959e45eec5713ec793ec7934e6d1b",
    "/assets/icons/icon-152x152.png": "6d910a75552c15fa2586349f01fd55dcae9a2138",
    "/assets/icons/icon-192x192.png": "df5e4c9cdeb2d07999257184b5cee2b10ebdad25",
    "/assets/icons/icon-384x384.png": "e073bf29da00d23c55d24195e564148ec03b42b7",
    "/assets/icons/icon-512x512.png": "a29cfaf7d5655b8ea489f3ea4e0f2af250eb90a7",
    "/assets/icons/icon-72x72.png": "459ca66379c96f0923c68488d0927c9ccc1d0f41",
    "/assets/icons/icon-96x96.png": "437d1777daf969d57b0b66724a831a48e5f51768",
    "/assets/logo.png": "a29cfaf7d5655b8ea489f3ea4e0f2af250eb90a7",
    "/favicon.ico": "55e0c85c64e4695dc1a5d6f782c827ab93bc8891",
    "/index.html": "116e45ca6b35878be4bba65b7b7da1bf05a98664",
    "/main.ea5b13190da2e0017e59.js": "0882620877617253ab55df2363b9735460b6e2eb",
    "/polyfills.30c91fed34056163b473.js": "a22738dbe2929c665266d864d8cd29bafcf4eabf",
    "/runtime.6c997958850c507a44c2.js": "d0e821d8023dde1177cd149983d90b781a2189b4",
    "/styles.a0a2f75be951a78de074.css": "e3bd9cc285742beeb364de87510a4576c24fee19"
  },
  "navigationUrls": [
    {
      "positive": true,
      "regex": "^\\/.*$"
    },
    {
      "positive": false,
      "regex": "^\\/(?:.+\\/)?[^/]*\\.[^/]*$"
    },
    {
      "positive": false,
      "regex": "^\\/(?:.+\\/)?[^/]*__[^/]*$"
    },
    {
      "positive": false,
      "regex": "^\\/(?:.+\\/)?[^/]*__[^/]*\\/.*$"
    }
  ]
}