{
  "configVersion": 1,
  "index": "/index.html",
  "assetGroups": [
    {
      "name": "app",
      "installMode": "prefetch",
      "updateMode": "prefetch",
      "urls": [
        "/4.caaaad6b26e0bf4c1183.js",
        "/favicon.ico",
        "/index.html",
        "/main.988288b0cd3048257459.js",
        "/polyfills.30c91fed34056163b473.js",
        "/runtime.6c997958850c507a44c2.js",
        "/styles.a0a2f75be951a78de074.css"
      ],
      "patterns": []
    },
    {
      "name": "assets",
      "installMode": "lazy",
      "updateMode": "prefetch",
      "urls": [
        "/assets/door-open.mp3",
        "/assets/door_closed.svg",
        "/assets/door_open.svg",
        "/assets/icons/icon-128x128.png",
        "/assets/icons/icon-144x144.png",
        "/assets/icons/icon-152x152.png",
        "/assets/icons/icon-192x192.png",
        "/assets/icons/icon-384x384.png",
        "/assets/icons/icon-512x512.png",
        "/assets/icons/icon-72x72.png",
        "/assets/icons/icon-96x96.png",
        "/assets/logo.png"
      ],
      "patterns": []
    }
  ],
  "dataGroups": [],
  "hashTable": {
    "/4.caaaad6b26e0bf4c1183.js": "337dfe246cd6d98662e186c72ead5ee2db22b094",
    "/assets/door-open.mp3": "f9c5e2df8aadd93ae68ede4c2c65ab5edbb1a91d",
    "/assets/door_closed.svg": "2b76e002a5075b38c9990f8de841cb506ce11db8",
    "/assets/door_open.svg": "cb965788f9b5224ba2076c5fd8702317319bf386",
    "/assets/icons/icon-128x128.png": "dae3b6ed49bdaf4327b92531d4b5b4a5d30c7532",
    "/assets/icons/icon-144x144.png": "b0bd89982e08f9bd2b642928f5391915b74799a7",
    "/assets/icons/icon-152x152.png": "7479a9477815dfd9668d60f8b3b2fba709b91310",
    "/assets/icons/icon-192x192.png": "1abd80d431a237a853ce38147d8c63752f10933b",
    "/assets/icons/icon-384x384.png": "329749cd6393768d3131ed6304c136b1ca05f2fd",
    "/assets/icons/icon-512x512.png": "559d9c4318b45a1f2b10596bbb4c960fe521dbcc",
    "/assets/icons/icon-72x72.png": "c457e56089a36952cd67156f9996bc4ce54a5ed9",
    "/assets/icons/icon-96x96.png": "3914125a4b445bf111c5627875fc190f560daa41",
    "/assets/logo.png": "ebb49d29d42a36755616d39afe04732230cebe62",
    "/favicon.ico": "84161b857f5c547e3699ddfbffc6d8d737542e01",
    "/index.html": "176a06ecbf01a10ca0239a400371a6da42cab033",
    "/main.988288b0cd3048257459.js": "5dbcfc7119b046970df82712127d19fc0630fab3",
    "/polyfills.30c91fed34056163b473.js": "a22738dbe2929c665266d864d8cd29bafcf4eabf",
    "/runtime.6c997958850c507a44c2.js": "d0e821d8023dde1177cd149983d90b781a2189b4",
    "/styles.a0a2f75be951a78de074.css": "e3bd9cc285742beeb364de87510a4576c24fee19"
  },
  "navigationUrls": [
    {
      "positive": true,
      "regex": "^\\/.*$"
    },
    {
      "positive": false,
      "regex": "^\\/(?:.+\\/)?[^/]*\\.[^/]*$"
    },
    {
      "positive": false,
      "regex": "^\\/(?:.+\\/)?[^/]*__[^/]*$"
    },
    {
      "positive": false,
      "regex": "^\\/(?:.+\\/)?[^/]*__[^/]*\\/.*$"
    }
  ]
}