{
  "configVersion": 1,
  "index": "/index.html",
  "assetGroups": [
    {
      "name": "app",
      "installMode": "prefetch",
      "updateMode": "prefetch",
      "urls": [
        "/4.5aaacff4c3fac44762f8.js",
        "/favicon.ico",
        "/index.html",
        "/main.31fa2fa3044689fe103f.js",
        "/polyfills.4f525092dc6911b0ebcc.js",
        "/runtime.fa189a0736818b7ac93d.js",
        "/styles.27bf25958152f162b222.css"
      ],
      "patterns": []
    },
    {
      "name": "assets",
      "installMode": "lazy",
      "updateMode": "prefetch",
      "urls": [
        "/assets/door-open.mp3",
        "/assets/door_closed.svg",
        "/assets/door_open.svg",
        "/assets/icons/icon-128x128.png",
        "/assets/icons/icon-144x144.png",
        "/assets/icons/icon-152x152.png",
        "/assets/icons/icon-192x192.png",
        "/assets/icons/icon-384x384.png",
        "/assets/icons/icon-512x512.png",
        "/assets/icons/icon-72x72.png",
        "/assets/icons/icon-96x96.png",
        "/assets/logo.png"
      ],
      "patterns": []
    }
  ],
  "dataGroups": [],
  "hashTable": {
    "/4.5aaacff4c3fac44762f8.js": "337dfe246cd6d98662e186c72ead5ee2db22b094",
    "/assets/door-open.mp3": "f9c5e2df8aadd93ae68ede4c2c65ab5edbb1a91d",
    "/assets/door_closed.svg": "2d5367954e2372ed26a9b1f19943d4a1e488f1d9",
    "/assets/door_open.svg": "2e85266ce45ff8edc9f260196a30bdcce708b503",
    "/assets/icons/icon-128x128.png": "dae3b6ed49bdaf4327b92531d4b5b4a5d30c7532",
    "/assets/icons/icon-144x144.png": "b0bd89982e08f9bd2b642928f5391915b74799a7",
    "/assets/icons/icon-152x152.png": "7479a9477815dfd9668d60f8b3b2fba709b91310",
    "/assets/icons/icon-192x192.png": "1abd80d431a237a853ce38147d8c63752f10933b",
    "/assets/icons/icon-384x384.png": "329749cd6393768d3131ed6304c136b1ca05f2fd",
    "/assets/icons/icon-512x512.png": "559d9c4318b45a1f2b10596bbb4c960fe521dbcc",
    "/assets/icons/icon-72x72.png": "c457e56089a36952cd67156f9996bc4ce54a5ed9",
    "/assets/icons/icon-96x96.png": "3914125a4b445bf111c5627875fc190f560daa41",
    "/assets/logo.png": "ebb49d29d42a36755616d39afe04732230cebe62",
    "/favicon.ico": "84161b857f5c547e3699ddfbffc6d8d737542e01",
    "/index.html": "06b4f195d231448fe8082fcf9078b823710cae1c",
    "/main.31fa2fa3044689fe103f.js": "b65e7fc6d981b9b8a992e9b7dff87c085167270c",
    "/polyfills.4f525092dc6911b0ebcc.js": "bca3bd84b9513547d77c87084bc3e85a42b2451f",
    "/runtime.fa189a0736818b7ac93d.js": "d5edd3b4c6fb7bde7c433fa6af264b409fe63da7",
    "/styles.27bf25958152f162b222.css": "c0b6fc21e348be7cd8c6a47f8b1466f5f1a43827"
  },
  "navigationUrls": [
    {
      "positive": true,
      "regex": "^\\/.*$"
    },
    {
      "positive": false,
      "regex": "^\\/(?:.+\\/)?[^/]*\\.[^/]*$"
    },
    {
      "positive": false,
      "regex": "^\\/(?:.+\\/)?[^/]*__[^/]*$"
    },
    {
      "positive": false,
      "regex": "^\\/(?:.+\\/)?[^/]*__[^/]*\\/.*$"
    }
  ]
}