{
  "configVersion": 1,
  "index": "/index.html",
  "assetGroups": [
    {
      "name": "app",
      "installMode": "prefetch",
      "updateMode": "prefetch",
      "urls": [
        "/4.fa7808cc2352fb932f98.js",
        "/favicon.ico",
        "/index.html",
        "/main.e06b0c89c53b5830141a.js",
        "/polyfills.4f525092dc6911b0ebcc.js",
        "/runtime.e84cabc6d3e9daec089e.js",
        "/styles.27bf25958152f162b222.css"
      ],
      "patterns": []
    },
    {
      "name": "assets",
      "installMode": "lazy",
      "updateMode": "prefetch",
      "urls": [
        "/assets/FreeTutorials.Eu-Udemy-The-Bootstrap-4-Bootcamp.torrent",
        "/assets/door-open.mp3",
        "/assets/door_closed.svg",
        "/assets/door_open.svg",
        "/assets/icons/icon-128x128.png",
        "/assets/icons/icon-144x144.png",
        "/assets/icons/icon-152x152.png",
        "/assets/icons/icon-192x192.png",
        "/assets/icons/icon-384x384.png",
        "/assets/icons/icon-512x512.png",
        "/assets/icons/icon-72x72.png",
        "/assets/icons/icon-96x96.png",
        "/assets/logo.png"
      ],
      "patterns": []
    }
  ],
  "dataGroups": [],
  "hashTable": {
    "/4.fa7808cc2352fb932f98.js": "337dfe246cd6d98662e186c72ead5ee2db22b094",
    "/assets/FreeTutorials.Eu-Udemy-The-Bootstrap-4-Bootcamp.torrent": "c324f365e26a1abe726e25dac6f7fa177c5ba902",
    "/assets/door-open.mp3": "f9c5e2df8aadd93ae68ede4c2c65ab5edbb1a91d",
    "/assets/door_closed.svg": "2b76e002a5075b38c9990f8de841cb506ce11db8",
    "/assets/door_open.svg": "cb965788f9b5224ba2076c5fd8702317319bf386",
    "/assets/icons/icon-128x128.png": "dae3b6ed49bdaf4327b92531d4b5b4a5d30c7532",
    "/assets/icons/icon-144x144.png": "b0bd89982e08f9bd2b642928f5391915b74799a7",
    "/assets/icons/icon-152x152.png": "7479a9477815dfd9668d60f8b3b2fba709b91310",
    "/assets/icons/icon-192x192.png": "1abd80d431a237a853ce38147d8c63752f10933b",
    "/assets/icons/icon-384x384.png": "329749cd6393768d3131ed6304c136b1ca05f2fd",
    "/assets/icons/icon-512x512.png": "559d9c4318b45a1f2b10596bbb4c960fe521dbcc",
    "/assets/icons/icon-72x72.png": "c457e56089a36952cd67156f9996bc4ce54a5ed9",
    "/assets/icons/icon-96x96.png": "3914125a4b445bf111c5627875fc190f560daa41",
    "/assets/logo.png": "ebb49d29d42a36755616d39afe04732230cebe62",
    "/favicon.ico": "84161b857f5c547e3699ddfbffc6d8d737542e01",
    "/index.html": "4de420a095cccee8dfffad321ead383e6bfeeafe",
    "/main.e06b0c89c53b5830141a.js": "4b06fa2605dc6c54393049c0b56275c2781b8938",
    "/polyfills.4f525092dc6911b0ebcc.js": "bca3bd84b9513547d77c87084bc3e85a42b2451f",
    "/runtime.e84cabc6d3e9daec089e.js": "896ee793c24aa7c54497eda2a90e950ab133ef64",
    "/styles.27bf25958152f162b222.css": "c0b6fc21e348be7cd8c6a47f8b1466f5f1a43827"
  },
  "navigationUrls": [
    {
      "positive": true,
      "regex": "^\\/.*$"
    },
    {
      "positive": false,
      "regex": "^\\/(?:.+\\/)?[^/]*\\.[^/]*$"
    },
    {
      "positive": false,
      "regex": "^\\/(?:.+\\/)?[^/]*__[^/]*$"
    },
    {
      "positive": false,
      "regex": "^\\/(?:.+\\/)?[^/]*__[^/]*\\/.*$"
    }
  ]
}